{
  "FWD Init Win Bytes": 7.94607,
  "SYN Flag Count": 6.576471,
  "Packet Length Max": 5.518735,
  "Flow IAT Min": 4.426745,
  "Fwd IAT Min": 3.570087,
  "Packet Length Min": 3.392439,
  "RST Flag Count": 3.078028,
  "Packet Length Mean": 2.959049,
  "Bwd Init Win Bytes": 2.730402,
  "Fwd IAT Total": 2.682082,
  "Fwd IAT Std": 2.333663,
  "Packet Length Std": 2.243517,
  "Fwd Header Length": 2.218097,
  "Idle Std": 2.106673,
  "Fwd Packet Length Max": 2.022315,
  "Flow Duration": 1.99883,
  "Fwd Packet Length Min": 1.914592,
  "Total Length of Fwd Packet": 1.89677,
  "Average Packet Size": 1.793386,
  "Total Length of Bwd Packet": 1.777761,
  "Fwd Seg Size Min": 1.666063,
  "Flow IAT Std": 1.530205,
  "Idle Mean": 1.500104,
  "Flow Packets/s": 1.485945,
  "Fwd Packet Length Mean": 1.484985,
  "Bwd Packets/s": 1.484104,
  "Bwd Packet Length Min": 1.480402,
  "Fwd Packets/s": 1.461926,
  "Bwd Packet Length Max": 1.442221,
  "Packet Length Variance": 1.41592,
  "Flow IAT Max": 1.360459,
  "Fwd IAT Max": 1.255771,
  "Flow Bytes/s": 1.189676,
  "Fwd Segment Size Avg": 1.068628,
  "Bwd IAT Total": 0.986537,
  "Fwd IAT Mean": 0.922215,
  "Active Std": 0.917257,
  "Total Fwd Packet": 0.9013,
  "Bwd IAT Min": 0.877071,
  "Flow IAT Mean": 0.870893,
  "ACK Flag Count": 0.833804,
  "Bwd Header Length": 0.815212,
  "Idle Max": 0.810742,
  "Subflow Fwd Packets": 0.808785,
  "Active Max": 0.771423,
  "Bwd IAT Mean": 0.709552,
  "Active Mean": 0.637262,
  "Protocol": 0.549297,
  "Fwd Act Data Pkts": 0.524525,
  "Subflow Fwd Bytes": 0.521305,
  "Bwd IAT Std": 0.519684,
  "Idle Min": 0.503643,
  "Active Min": 0.471705,
  "Down/Up Ratio": 0.445693,
  "Bwd Packet Length Mean": 0.386339,
  "Total Bwd packets": 0.369025,
  "Bwd IAT Max": 0.334427,
  "Bwd Segment Size Avg": 0.318056,
  "FIN Flag Count": 0.240468,
  "Fwd Packet Length Std": 0.228675,
  "Bwd Packet Length Std": 0.168545,
  "PSH Flag Count": 0.156717,
  "Subflow Bwd Bytes": 0.115122,
  "Fwd PSH Flags": 0.082545,
  "ECE Flag Count": 0.082205,
  "Subflow Bwd Packets": 0.066515,
  "CWR Flag Count": 0.041334
}