{
  "macro_f1": 0.7362551391917438,
  "best_iter": 2988,
  "train_time_min": 1.2,
  "per_class": {
    "Benign": {
      "precision": 0.9870416439476554,
      "recall": 0.7033066430318887,
      "f1": 0.8213608408216798,
      "support": 164729
    },
    "DoS": {
      "precision": 0.9964788674566223,
      "recall": 0.9999101853888931,
      "f1": 0.9981915776130716,
      "support": 1213611
    },
    "DDoS": {
      "precision": 0.9999891860135438,
      "recall": 0.9976983665523402,
      "f1": 0.9988424628008119,
      "support": 5097684
    },
    "Recon": {
      "precision": 0.7246428804383276,
      "recall": 0.8355363354329228,
      "f1": 0.7761485996733881,
      "support": 53185
    },
    "BruteForce": {
      "precision": 0.16692340008402184,
      "recall": 0.6081632653061224,
      "f1": 0.2619492363476541,
      "support": 1960
    },
    "WebAttack": {
      "precision": 0.1715597711532671,
      "recall": 0.702961135101789,
      "f1": 0.2758078179837831,
      "support": 3242
    },
    "Bot": {
      "precision": 0.9926595867656446,
      "recall": 0.9985136539088627,
      "f1": 0.9955780148323641,
      "support": 395601
    },
    "Spoofing": {
      "precision": 0.6533701484353581,
      "recall": 0.9144227475162727,
      "f1": 0.762162563461198,
      "support": 72975
    }
  }
}