{
  "iot2023_test": {
    "stage3_macro_f1": 0.8192027835666871,
    "stage4_macro_f1": 0.7335218395103744,
    "delta": -0.08568094405631266
  },
  "cic2018_test": {
    "stage3_macro_f1": 0.0804996706247887,
    "stage4_macro_f1": 0.7600271937049301,
    "delta": 0.6795275230801414
  },
  "stage3_per_class_iot": {
    "Benign": {
      "precision": 0.9391267219754609,
      "recall": 0.9613607804333177,
      "f1": 0.9501136915868226,
      "support": 164729
    },
    "DoS": {
      "precision": 0.9985382860416193,
      "recall": 0.9996910047783021,
      "f1": 0.9991143129254726,
      "support": 1213611
    },
    "DDoS": {
      "precision": 0.9999397213042974,
      "recall": 0.9990228896102622,
      "f1": 0.9994810952031333,
      "support": 5097684
    },
    "Recon": {
      "precision": 0.8020869384647331,
      "recall": 0.8715051236250823,
      "f1": 0.8353563479404901,
      "support": 53185
    },
    "BruteForce": {
      "precision": 0.40583554376657827,
      "recall": 0.7029096477794793,
      "f1": 0.5145739910313901,
      "support": 1959
    },
    "WebAttack": {
      "precision": 0.2726726726726727,
      "recall": 0.7001850709438618,
      "f1": 0.39249589349010117,
      "support": 3242
    },
    "Bot": {
      "precision": 0.9989884045875852,
      "recall": 0.9985187095078122,
      "f1": 0.9987535018255004,
      "support": 395601
    },
    "Spoofing": {
      "precision": 0.9450297158674591,
      "recall": 0.7953162683622013,
      "f1": 0.8637334345305862,
      "support": 72976
    }
  },
  "stage4_per_class_iot": {
    "Benign": {
      "precision": 0.9867239691928003,
      "recall": 0.7038529949189275,
      "f1": 0.8216231921030067,
      "support": 164729
    },
    "DoS": {
      "precision": 0.996412568572984,
      "recall": 0.9999035934908302,
      "f1": 0.998155028595823,
      "support": 1213611
    },
    "DDoS": {
      "precision": 0.9999889894562246,
      "recall": 0.9977036630752318,
      "f1": 0.9988450190784938,
      "support": 5097684
    },
    "Recon": {
      "precision": 0.7271224175752218,
      "recall": 0.8351414872614459,
      "f1": 0.7773975899397048,
      "support": 53185
    },
    "BruteForce": {
      "precision": 0.1597300337457818,
      "recall": 0.5798876978050026,
      "f1": 0.2504685260720979,
      "support": 1959
    },
    "WebAttack": {
      "precision": 0.1636984268328881,
      "recall": 0.6804441702652684,
      "f1": 0.26390716592893887,
      "support": 3242
    },
    "Bot": {
      "precision": 0.9925750597387326,
      "recall": 0.9985515709009836,
      "f1": 0.995554345853747,
      "support": 395601
    },
    "Spoofing": {
      "precision": 0.6539714308139079,
      "recall": 0.9134235913176935,
      "f1": 0.7622238485111833,
      "support": 72976
    }
  },
  "stage3_per_class_2018": {
    "Benign": {
      "precision": 0.805199999106299,
      "recall": 0.3378126432396509,
      "f1": 0.4759470367298641,
      "support": 1066831
    },
    "DoS": {
      "precision": 0.025954343089892962,
      "recall": 0.028037144099664884,
      "f1": 0.02695557003898228,
      "support": 39091
    },
    "DDoS": {
      "precision": 0.1320753015036848,
      "recall": 0.09465810722574555,
      "f1": 0.11027927575091134,
      "support": 154683
    },
    "Recon": {
      "precision": 0.016905415687961094,
      "recall": 0.17355126300148588,
      "f1": 0.030809696613420458,
      "support": 23555
    },
    "BruteForce": {
      "precision": 0.0,
      "recall": 0.0,
      "f1": 0.0,
      "support": 18899
    },
    "WebAttack": {
      "precision": 2.893049737311084e-06,
      "recall": 0.07142857142857142,
      "f1": 5.785865131483785e-06,
      "support": 14
    },
    "Bot": {
      "precision": 0.0,
      "recall": 0.0,
      "f1": 0.0,
      "support": 28833
    },
    "Spoofing": {
      "precision": 0.0,
      "recall": 0.0,
      "f1": 0.0,
      "support": 0
    }
  },
  "stage4_per_class_2018": {
    "Benign": {
      "precision": 0.9879248556704225,
      "recall": 0.8966537342840618,
      "f1": 0.9400791410352607,
      "support": 1066831
    },
    "DoS": {
      "precision": 0.9734652182579231,
      "recall": 0.9994883732828528,
      "f1": 0.986305173741275,
      "support": 39091
    },
    "DDoS": {
      "precision": 0.9522284494262077,
      "recall": 0.9918607733235068,
      "f1": 0.9716406378639916,
      "support": 154683
    },
    "Recon": {
      "precision": 0.11341341162149583,
      "recall": 0.5379324984079813,
      "f1": 0.18733136702666342,
      "support": 23555
    },
    "BruteForce": {
      "precision": 0.9588100686498856,
      "recall": 0.9976718344885973,
      "f1": 0.9778549942951976,
      "support": 18899
    },
    "WebAttack": {
      "precision": 0.25,
      "recall": 0.35714285714285715,
      "f1": 0.29411764705882354,
      "support": 14
    },
    "Bot": {
      "precision": 0.9296415886341621,
      "recall": 0.9985433357611071,
      "f1": 0.9628613949132987,
      "support": 28833
    },
    "Spoofing": {
      "precision": 0.0,
      "recall": 0.0,
      "f1": 0.0,
      "support": 0
    }
  }
}