{
  "FWD Init Win Bytes": 13.48643806024295,
  "Fwd Seg Size Min": 11.779937653914166,
  "Bwd Init Win Bytes": 9.98697616220079,
  "Bwd Packets/s": 7.705014290572867,
  "ACK Flag Count": 5.665427672017752,
  "Subflow Bwd Bytes": 5.212118028135139,
  "Fwd Header Length": 4.341630160163226,
  "Bwd Header Length": 3.658391944895443,
  "Subflow Fwd Bytes": 3.6012672581655276,
  "Fwd Packet Length Max": 2.910838699067612,
  "Bwd Packet Length Std": 2.809758984810448,
  "Flow IAT Mean": 2.387568271079994,
  "RST Flag Count": 2.034224809143674,
  "Flow IAT Min": 2.012633175974992,
  "Subflow Fwd Packets": 1.6944935011923639,
  "Flow Bytes/s": 1.6587043566943194,
  "Fwd Packets/s": 1.458780140009892,
  "Fwd IAT Min": 1.254175405450369,
  "Flow Duration": 1.2011034168942656,
  "Average Packet Size": 1.1876195123085795,
  "Packet Length Max": 1.1336538558550078,
  "Bwd Packet Length Min": 1.0981038662742746,
  "Packet Length Min": 1.038775197022805,
  "SYN Flag Count": 0.9628387195634363,
  "Fwd IAT Std": 0.8959605862974319,
  "Fwd Act Data Pkts": 0.8214956264850883,
  "Packet Length Mean": 0.780334056316444,
  "Flow IAT Std": 0.6312797002286004,
  "Idle Max": 0.5809153271824221,
  "Fwd Packet Length Mean": 0.5736187304842015
}