{
  "IAT": 22.940427358462014,
  "Header_Length": 11.847227036359884,
  "Rate": 7.566553140447759,
  "flow_duration": 6.192640616183761,
  "Min": 6.163807186796127,
  "syn_count": 5.636924139151275,
  "Protocol Type": 4.177896377860007,
  "urg_count": 4.007566165769588,
  "rst_count": 3.5700424661498245,
  "Duration": 3.349929398294945,
  "Variance": 3.3103462324137953,
  "Tot sum": 3.1556810639643382,
  "Tot size": 2.384889044080616,
  "Max": 2.193103615944706,
  "HTTPS": 1.8121403600921653,
  "Number": 1.5023973746077564,
  "ack_count": 1.3716936085577283,
  "fin_count": 1.180432030168394,
  "Magnitue": 1.1386198415487332,
  "Covariance": 1.0062163858115498,
  "Weight": 1.0039575716837548,
  "Srate": 0.8098960507440601,
  "AVG": 0.7065983513902702,
  "Std": 0.569591940805766,
  "Radius": 0.5027479079075559,
  "HTTP": 0.49285367213278636,
  "ack_flag_number": 0.3943313535638762,
  "TCP": 0.37778469945831494,
  "psh_flag_number": 0.20308228910986403,
  "syn_flag_number": 0.15096589905438712
}